character,id,element,img_path
Albedo,38,Geo,UI_AvatarIcon_Albedo.png
Alhaitham,78,Dendro,UI_AvatarIcon_Alhatham.png
Aloy,62,Cryo,UI_AvatarIcon_Aloy.png
Amber,21,Pyro,UI_AvatarIcon_Ambor.png
Arataki Itto,57,Geo,UI_AvatarIcon_Itto.png
Arlecchino,96,Pyro,UI_AvatarIcon_Arlecchino.png
Baizhu,82,Dendro,UI_AvatarIcon_Baizhuer.png
Barbara,14,Hydro,UI_AvatarIcon_Barbara.png
Beidou,24,Electro,UI_AvatarIcon_Beidou.png
Bennett,32,Pyro,UI_AvatarIcon_Bennett.png
Candace,72,Hydro,UI_AvatarIcon_Candace.png
Charlotte,88,Cryo,UI_AvatarIcon_Charlotte.png
Chasca,104,Anemo,UI_AvatarIcon_Chasca.png
Chevreuse,90,Pyro,UI_AvatarIcon_Chevreuse.png
Chiori,94,Geo,UI_AvatarIcon_Chiori.png
Chongyun,36,Cryo,UI_AvatarIcon_Chongyun.png
Citlali,107,Cryo,UI_AvatarIcon_Citlali.png
Clorinde,98,Electro,UI_AvatarIcon_Clorinde.png
Collei,67,Dendro,UI_AvatarIcon_Collei.png
Cyno,71,Electro,UI_AvatarIcon_Cyno.png
Dehya,79,Pyro,UI_AvatarIcon_Dehya.png
Diluc,16,Pyro,UI_AvatarIcon_Diluc.png
Diona,39,Cryo,UI_AvatarIcon_Diona.png
Dori,68,Electro,UI_AvatarIcon_Dori.png
Emilie,99,Dendro,UI_AvatarIcon_Emilie.png
Eula,51,Cryo,UI_AvatarIcon_Eula.png
Faruzan,76,Anemo,UI_AvatarIcon_Faruzan.png
Fischl,31,Electro,UI_AvatarIcon_Fischl.png
Freminet,85,Cryo,UI_AvatarIcon_Freminet.png
Furina,89,Hydro,UI_AvatarIcon_Furina.png
Gaming,92,Pyro,UI_AvatarIcon_Gaming.png
Ganyu,37,Cryo,UI_AvatarIcon_Ganyu.png
Gorou,55,Geo,UI_AvatarIcon_Gorou.png
Hu Tao,46,Pyro,UI_AvatarIcon_Hutao.png
Iansan,110,Electro,UI_AvatarIcon_Iansan.png
Jean,3,Anemo,UI_AvatarIcon_Qin.png
Kachina,100,Geo,UI_AvatarIcon_Kachina.png
Kaedehara Kazuha,47,Anemo,UI_AvatarIcon_Kazuha.png
Kaeya,15,Cryo,UI_AvatarIcon_Kaeya.png
Kamisato Ayaka,2,Cryo,UI_AvatarIcon_Ayaka.png
Kamisato Ayato,66,Hydro,UI_AvatarIcon_Ayato.png
Kaveh,81,Dendro,UI_AvatarIcon_Kaveh.png
Keqing,42,Electro,UI_AvatarIcon_Keqing.png
Kinich,101,Dendro,UI_AvatarIcon_Kinich.png
Kirara,61,Dendro,UI_AvatarIcon_Momoka.png
Klee,29,Pyro,UI_AvatarIcon_Klee.png
Kujou Sara,56,Electro,UI_AvatarIcon_Sara.png
Kuki Shinobu,65,Electro,UI_AvatarIcon_Shinobu.png
Lan Yan,108,Anemo,UI_AvatarIcon_Lanyan.png
Layla,74,Cryo,UI_AvatarIcon_Layla.png
Lisa,6,Electro,UI_AvatarIcon_Lisa.png
Lynette,83,Anemo,UI_AvatarIcon_Linette.png
Lyney,84,Pyro,UI_AvatarIcon_Liney.png
Mavuika,106,Pyro,UI_AvatarIcon_Mavuika.png
Mika,80,Cryo,UI_AvatarIcon_Mika.png
Mona,41,Hydro,UI_AvatarIcon_Mona.png
Mualani,102,Hydro,UI_AvatarIcon_Mualani.png
Nahida,73,Dendro,UI_AvatarIcon_Nahida.png
Navia,91,Geo,UI_AvatarIcon_Navia.png
Neuvillette,87,Hydro,UI_AvatarIcon_Neuvillette.png
Nilou,70,Hydro,UI_AvatarIcon_Nilou.png
Ningguang,27,Geo,UI_AvatarIcon_Ningguang.png
Noelle,34,Geo,UI_AvatarIcon_Noel.png
Ororon,105,Electro,UI_AvatarIcon_Olorun.png
Qiqi,35,Cryo,UI_AvatarIcon_Qiqi.png
Raiden Shogun,52,Electro,UI_AvatarIcon_Shougun.png
Razor,20,Electro,UI_AvatarIcon_Razor.png
Rosaria,45,Cryo,UI_AvatarIcon_Rosaria.png
Sangonomiya Kokomi,54,Hydro,UI_AvatarIcon_Kokomi.png
Sayu,53,Anemo,UI_AvatarIcon_Sayu.png
Sethos,97,Electro,UI_AvatarIcon_Sethos.png
Shenhe,63,Cryo,UI_AvatarIcon_Shenhe.png
Shikanoin Heizou,59,Anemo,UI_AvatarIcon_Heizo.png
Sigewinne,95,Hydro,UI_AvatarIcon_Sigewinne.png
Sucrose,43,Anemo,UI_AvatarIcon_Sucrose.png
Tartaglia,33,Hydro,UI_AvatarIcon_Tartaglia.png
Thoma,50,Pyro,UI_AvatarIcon_Tohma.png
Tighnari,69,Dendro,UI_AvatarIcon_Tighnari.png
Varesa,111,Electro,UI_AvatarIcon_Varesa.png
Venti,22,Anemo,UI_AvatarIcon_Venti.png
Wanderer,75,Anemo,UI_AvatarIcon_Wanderer.png
Wriothesley,86,Cryo,UI_AvatarIcon_Wriothesley.png
Xiangling,23,Pyro,UI_AvatarIcon_Xiangling.png
Xianyun,93,Anemo,UI_AvatarIcon_Liuyun.png
Xiao,26,Anemo,UI_AvatarIcon_Xiao.png
Xilonen,103,Geo,UI_AvatarIcon_Xilonen.png
Xingqiu,25,Hydro,UI_AvatarIcon_Xingqiu.png
Xinyan,44,Pyro,UI_AvatarIcon_Xinyan.png
Yae Miko,58,Electro,UI_AvatarIcon_Yae.png
Yanfei,48,Pyro,UI_AvatarIcon_Feiyan.png
Yaoyao,77,Dendro,UI_AvatarIcon_Yaoyao.png
Yelan,60,Hydro,UI_AvatarIcon_Yelan.png
Yoimiya,49,Pyro,UI_AvatarIcon_Yoimiya.png
Yumemizuki Mizuki,109,Anemo,UI_AvatarIcon_Mizuki.png
Yun Jin,64,Geo,UI_AvatarIcon_Yunjin.png
Zhongli,30,Geo,UI_AvatarIcon_Zhongli.png
